-- phpMyAdmin SQL Dump
-- version 5.1.1
-- https://www.phpmyadmin.net/
--
-- Host: 127.0.0.1
-- Generation Time: Feb 25, 2022 at 03:11 PM
-- Server version: 10.4.21-MariaDB
-- PHP Version: 8.0.12

SET SQL_MODE = "NO_AUTO_VALUE_ON_ZERO";
START TRANSACTION;
SET time_zone = "+00:00";


/*!40101 SET @OLD_CHARACTER_SET_CLIENT=@@CHARACTER_SET_CLIENT */;
/*!40101 SET @OLD_CHARACTER_SET_RESULTS=@@CHARACTER_SET_RESULTS */;
/*!40101 SET @OLD_COLLATION_CONNECTION=@@COLLATION_CONNECTION */;
/*!40101 SET NAMES utf8mb4 */;

--
-- Database: `menclothes`
--

-- --------------------------------------------------------

--
-- Table structure for table `accessory`
--

CREATE TABLE `accessory` (
  `id` int(11) NOT NULL,
  `Name` varchar(250) COLLATE utf8_unicode_ci NOT NULL,
  `Price` int(11) NOT NULL,
  `Image` varchar(550) COLLATE utf8_unicode_ci NOT NULL,
  `Description` varchar(550) COLLATE utf8_unicode_ci NOT NULL,
  `ImageOne` varchar(550) COLLATE utf8_unicode_ci NOT NULL
) ENGINE=InnoDB DEFAULT CHARSET=utf8 COLLATE=utf8_unicode_ci;

--
-- Dumping data for table `accessory`
--

INSERT INTO `accessory` (`id`, `Name`, `Price`, `Image`, `Description`, `ImageOne`) VALUES
(1, 'Đồng hồ', 1190000, '61c340a37c1212.38590250.png', 'Đồng hồ Titan chủ yếu là phong cách cổ điển nhưng vẫn mang âm hưởng của phong cách hiện đại. Thương hiệu này chú trọng chủ yếu đến chất lượng và mẫu mã đồng hồ khiến người dùng thật sự hài lòng về các model đồng hồ có mặt trên thị trường hiện nay.', '61c340a37c1212.38590250.png'),
(2, 'Phụ kiện xinh xắn', 268000, '61c340b7a89344.95414924.png', 'Vòng cổ, hoa tai bạc Dreamcatcher xinh lắm các nàng ạ.', '61c340b7a89344.95414924.png'),
(3, 'Hoa tai', 286000, '61c340c7f17f23.41987600.png', 'Các cây điển hình là cây con thường xanh mọc dài đến 1 m (3,3 ft) và có thân màu xám nhạt. Những chiếc lá mọc đối trên thân cây và có hình dạng mũi giáo hoặc hình mũi giáo-chữ nhật, kết thúc bằng các đầu nhọn hoặc sắc. Giống như các thành viên khác của chi, nhựa đục như sữa. Những bông hoa có trong các xim với 10-20 hoa mỗi xim. Chúng có tràng hoa và vành hoa màu tía hoặc đỏ và thùy hoa màu vàng hoặc màu da cam. Hoa nở gần như quanh năm. Quả dài 5–10 cm (2.0–3.9 in), quả có hình dạng hình thoi được gọi là nang. Các nang chứa hạt màu nâu đến nâu', '61c340c7f17f23.41987600.png'),
(4, 'Lắc tay', 866000, '61c340d777d060.98359657.png', 'Công nghệ xi mạ độc quyền 4 lớp cao cấp.\r\nĐảm bảo sáng đẹp như thật.\r\nThiết kế tinh xảo đến từng chi tiết.\r\nSang trọng và thời thượng phù hợp mọi loại trang phục\r\nChất liệu: Hợp kim mạ cao cấp\r\nXi lớp chống ngứa ( an toàn mọi làn da)\r\nHình do shop tự chụp 100%\r\nThương hiệu JURI được đăng kí độc quyền và bảo hộ của cục sở hữu trí tuệ Việt Nam', '61c340d777d060.98359657.png'),
(5, 'Nhẫn', 322000, '61c340ea069140.08382992.png', 'Chất Liệu: Hợp kim-Bạc 30%\r\nNhẫn có thể  Chỉnh  size \r\nNữ     : tay 16mm-17.5 mm tương ứng với size 9-13 \r\nNam  : tay 17mm-18mm đeo vừa size 12-16 ạh', '61c340ea069140.08382992.png'),
(6, 'Túi xách màu hồng cá tính', 2299000, '61c3410378db84.55133143.png', 'Dây túi bằng da màu hồng, kết hợp với chất liệu vải mang đến nét nữ tính, dịu dàng cho người đeo\r\nMàu:Trắng, Đen\r\nChất liệu: vải \r\nKích thước sản phẩm : 29*14,5*26(cm)\r\nTúi được nhiều bạn trẻ ưa chuộng sử đụng đi học, đi chơi, chụp ảnh......', '61c3410378db84.55133143.png'),
(7, 'Vòng cổ', 1399000, '61c3411788d744.31820464.png', 'Chế tác tinh xảo, tỉ mỉ, cầu kỳ từng chi tiết\r\nDây mĩ kí mạ vàng 18k\r\nDây dạng xoắn độc đáo, mới lạ\r\nThiết kế đơn giản mà sang trọng, tinh tế\r\nTôn nét đẹp thời thượng của nam gioi hiện đại\r\nPhối hợp đẹp mắt với các loại quần áo, trang phục\r\nTrang sức là vật bất ly thân của mọi cô gái, tôn lên nét đẹp duyên dáng, cá tính, hay sang trọng của phái nữ. Dây chuyền, vòng cổ nữ dạng xoắn là một sản phẩm đặc sắc nằm trong bộ sưu tập phụ kiện thời trang, trang sức  mà mn Shop đang bán trên thị trường nói chung. \r\nDây chuyền dạng xoắn, được mạ vàng 18K v', '61c3411788d744.31820464.png'),
(8, 'Vòng cổ hoa', 899000, '61c341285c9e68.05726660.png', 'Nhận ship hàng nội thành hoá đơn từ 100k, ngoại thành từ 150k chưa kể ship\r\nĐổi trả hàng trong vòng 2 ngày nếu lỗi từ nhà sản xuất.\r\nKhông nhận đổi trả với lí do \"Không vừa ý\"', '61c341285c9e68.05726660.png'),
(9, 'Lắc tay màu bạc', 1599000, '61c3413d6405e6.28646777.png', 'Mẫu dây chuyền nữ bạc được thiết kế thanh lịch, trẻ trung phù hợp với mọi lứa tuổi. + đeo thời trang hàng ngày, làm quà tặng người thân, bạn bè, người yêu .... \r\nDây chuyền được nạm đá siêu sáng, gia công vô cùng kĩ lưỡng tỉ mỉ tạo nên một sản phẩm hoàn hảo', '61c3413d6405e6.28646777.png'),
(10, 'Túi xách xanh', 2444000, '61c3414d993608.26997102.png', 'Túi màu này là một yếu tố cơ bản của bất kỳ tủ quần áo. Nó kết hợp tốt với quần jean màu xanh và bộ quần áo và váy phong cách cổ điển. Phụ kiện trong những năm gần đây, thường được kết hợp với váy màu hồng.', '61c3414d993608.26997102.png');

-- --------------------------------------------------------

--
-- Table structure for table `category`
--

CREATE TABLE `category` (
  `IdCategory` int(11) NOT NULL,
  `Category` varchar(250) COLLATE utf8_unicode_ci NOT NULL,
  `create_at` datetime NOT NULL,
  `update_at` datetime NOT NULL
) ENGINE=InnoDB DEFAULT CHARSET=utf8 COLLATE=utf8_unicode_ci;

--
-- Dumping data for table `category`
--

INSERT INTO `category` (`IdCategory`, `Category`, `create_at`, `update_at`) VALUES
(2, 'Áo thun', '2021-12-14 06:12:50', '2021-12-14 06:12:50'),
(3, 'Áo somi', '2021-12-14 06:22:50', '2021-12-14 06:22:50'),
(4, 'Quần jean', '2021-12-14 06:29:50', '2021-12-14 06:29:50');

-- --------------------------------------------------------

--
-- Table structure for table `oder`
--

CREATE TABLE `oder` (
  `IdOrder` int(11) NOT NULL,
  `orderDate` datetime NOT NULL,
  `Description` varchar(250) COLLATE utf8_unicode_ci NOT NULL,
  `Name` varchar(250) COLLATE utf8_unicode_ci NOT NULL,
  `Phone` int(11) NOT NULL,
  `Email` varchar(250) COLLATE utf8_unicode_ci NOT NULL,
  `Address` varchar(550) COLLATE utf8_unicode_ci NOT NULL
) ENGINE=InnoDB DEFAULT CHARSET=utf8 COLLATE=utf8_unicode_ci;

--
-- Dumping data for table `oder`
--

INSERT INTO `oder` (`IdOrder`, `orderDate`, `Description`, `Name`, `Phone`, `Email`, `Address`) VALUES
(1, '2021-12-22 02:59:49', 'binh xuyen, vinh phuc', 'nguyen dinh quang', 123456, 'dangsinhthanh2312@gmail.com', 'vinh phuc'),
(3, '2021-12-22 03:59:42', 'oon', 'a', 12324, '4re@gmail.com', 'so 20 duac'),
(5, '2021-12-22 18:23:24', '', '', 0, '', ''),
(6, '2021-12-23 01:34:03', '', '', 0, '', '');

-- --------------------------------------------------------

--
-- Table structure for table `products`
--

CREATE TABLE `products` (
  `IdProduct` int(11) NOT NULL,
  `ProductName` varchar(250) COLLATE utf8_unicode_ci NOT NULL,
  `Price` float NOT NULL,
  `Image` varchar(550) COLLATE utf8_unicode_ci NOT NULL,
  `ImageOne` varchar(550) COLLATE utf8_unicode_ci NOT NULL,
  `Description` longtext COLLATE utf8_unicode_ci NOT NULL,
  `IdCategory` int(11) NOT NULL,
  `CreateAt` datetime NOT NULL,
  `UpdateAt` datetime NOT NULL
) ENGINE=InnoDB DEFAULT CHARSET=utf8 COLLATE=utf8_unicode_ci;

--
-- Dumping data for table `products`
--

INSERT INTO `products` (`IdProduct`, `ProductName`, `Price`, `Image`, `ImageOne`, `Description`, `IdCategory`, `CreateAt`, `UpdateAt`) VALUES
(7, 'Áo thun Dinosaur 01', 189000, '61b832111b2200.48548377.jpg', '61b832111c6d09.81122316.jpg', 'Sự hiện diện của những chiếc áo thun basic cổ tròn trong tủ đồ của bạn chính là chìa khóa giúp cho bạn có thêm nhiều outfit thú vị mà lại không cần đến quá nhiều món đồ. Áo thun nữ cotton cổ tròn basic chính là vũ khí tiện dụng cho các chị em trong trang phục hàng ngày!<br><br><br>Thiết kế đơn giản, form dáng tiện lợi của áo thun PPN4502. Tại sao chỉ với 1 chiếc áo thun nữ basic mà bạn có thể phối với 10 bộ độ khác nhau? Câu trả lời nằm ở chính sự đơn giản của chúng. Càng đơn giản, bạn lại càng dễ mix & match với những món đồ khác nhau.Áo thun nữ PPM4502 có thiết kế cổ tròn đơn giản, nhẹ nhàng tôn da. Tay cáo, form áo cũng không hề cầu kỳ, rất dễ mặc với nhiều thân hình khác nhau. Đặc biệt hơn, màu sắc của chiếc áo phông nữ cổ tròn này cũng rất nhã nhặn, trung tính, trơn màu. Sự tối giản từ thiết kế, đường may đến bảng màu giúp các chị em không cần đắn đo quá nhiều khi lựa chọn. Chất liệu cotton 95% được xử lý nghiêm ngặt, quy trình và công nghệ hiện đại nên mang tới cho chiếc áo sự thoải mái, mềm mại, thoáng mát ngay khi chạm vào. Cùng với đó, áo thun nữ cotton cổ tròn Yody có khả năng thâm shuts mồ hôi rất tốt nên người mặc không bị cảm giác bí bách, dính dính trên da khi đổ mồ hôi vào mùa hè. Bên cạnh đó, sản phẩm cũng chưa 5% spandex - loại sợi giúp co giãn, đàn hồi hiệu quả thích hợp mặc tới nhiều môi trường, ngay cả khi vận động <br><br><br> Sự hiện diện của những chiếc áo thun basic cổ tròn trong tủ đồ của bạn chính là chìa khóa giúp cho bạn có thêm nhiều outfit thú vị mà lại không cần đến quá nhiều món đồ. Áo thun nữ cotton cổ tròn basic chính là vũ khí tiện dụng cho các chị em trong trang phục hàng ngày!<br><br><br>Thiết kế đơn giản, form dáng tiện lợi của áo thun PPN4502. Tại sao chỉ với 1 chiếc áo thun nữ basic mà bạn có thể phối với 10 bộ độ khác nhau? Câu trả lời nằm ở chính sự đơn giản của chúng. Càng đơn giản, bạn lại càng dễ mix & match với những món đồ khác nhau.Áo thun nữ PPM4502 có thiết kế cổ tròn đơn giản, nhẹ nhàng tôn da. Tay cáo, form áo cũng không hề cầu kỳ, rất dễ mặc với nhiều thân hình khác nhau. Đặc biệt hơn, màu sắc của chiếc áo phông nữ cổ tròn này cũng rất nhã nhặn, trung tính, trơn màu. Sự tối giản từ thiết kế, đường may đến bảng màu giúp các chị em không cần đắn đo quá nhiều khi lựa chọn. Chất liệu cotton 95% được xử lý nghiêm ngặt, quy trình và công nghệ hiện đại nên mang tới cho chiếc áo sự thoải mái, mềm mại, thoáng mát ngay khi chạm vào. Cùng với đó, áo thun nữ cotton cổ tròn Yody có khả năng thâm shuts mồ hôi rất tốt nên người mặc không bị cảm giác bí bách, dính dính trên da khi đổ mồ hôi vào mùa hè. Bên cạnh đó, sản phẩm cũng chưa 5% spandex - loại sợi giúp co giãn, đàn hồi hiệu quả thích hợp mặc tới nhiều môi trường, ngay cả khi vận động', 2, '2021-12-14 06:12:54', '2021-12-14 06:12:54'),
(8, 'Áo thun Dinosaur 02', 159000, '61b8459c77c461.06041404.jpg', '61b8459c786792.11298079.jpg', 'Sự hiện diện của những chiếc áo thun basic cổ tròn trong tủ đồ của bạn chính là chìa khóa giúp cho bạn có thêm nhiều outfit thú vị mà lại không cần đến quá nhiều món đồ. Áo thun nữ cotton cổ tròn basic chính là vũ khí tiện dụng cho các chị em trong trang phục hàng ngày!<br><br><br>Thiết kế đơn giản, form dáng tiện lợi của áo thun PPN4502. Tại sao chỉ với 1 chiếc áo thun nữ basic mà bạn có thể phối với 10 bộ độ khác nhau? Câu trả lời nằm ở chính sự đơn giản của chúng. Càng đơn giản, bạn lại càng dễ mix & match với những món đồ khác nhau.Áo thun nữ PPM4502 có thiết kế cổ tròn đơn giản, nhẹ nhàng tôn da. Tay cáo, form áo cũng không hề cầu kỳ, rất dễ mặc với nhiều thân hình khác nhau. Đặc biệt hơn, màu sắc của chiếc áo phông nữ cổ tròn này cũng rất nhã nhặn, trung tính, trơn màu. Sự tối giản từ thiết kế, đường may đến bảng màu giúp các chị em không cần đắn đo quá nhiều khi lựa chọn. Chất liệu cotton 95% được xử lý nghiêm ngặt, quy trình và công nghệ hiện đại nên mang tới cho chiếc áo sự thoải mái, mềm mại, thoáng mát ngay khi chạm vào. Cùng với đó, áo thun nữ cotton cổ tròn Yody có khả năng thâm shuts mồ hôi rất tốt nên người mặc không bị cảm giác bí bách, dính dính trên da khi đổ mồ hôi vào mùa hè. Bên cạnh đó, sản phẩm cũng chưa 5% spandex - loại sợi giúp co giãn, đàn hồi hiệu quả thích hợp mặc tới nhiều môi trường, ngay cả khi vận động <br><br><br> Sự hiện diện của những chiếc áo thun basic cổ tròn trong tủ đồ của bạn chính là chìa khóa giúp cho bạn có thêm nhiều outfit thú vị mà lại không cần đến quá nhiều món đồ. Áo thun nữ cotton cổ tròn basic chính là vũ khí tiện dụng cho các chị em trong trang phục hàng ngày!<br><br><br>Thiết kế đơn giản, form dáng tiện lợi của áo thun PPN4502. Tại sao chỉ với 1 chiếc áo thun nữ basic mà bạn có thể phối với 10 bộ độ khác nhau? Câu trả lời nằm ở chính sự đơn giản của chúng. Càng đơn giản, bạn lại càng dễ mix & match với những món đồ khác nhau.Áo thun nữ PPM4502 có thiết kế cổ tròn đơn giản, nhẹ nhàng tôn da. Tay cáo, form áo cũng không hề cầu kỳ, rất dễ mặc với nhiều thân hình khác nhau. Đặc biệt hơn, màu sắc của chiếc áo phông nữ cổ tròn này cũng rất nhã nhặn, trung tính, trơn màu. Sự tối giản từ thiết kế, đường may đến bảng màu giúp các chị em không cần đắn đo quá nhiều khi lựa chọn. Chất liệu cotton 95% được xử lý nghiêm ngặt, quy trình và công nghệ hiện đại nên mang tới cho chiếc áo sự thoải mái, mềm mại, thoáng mát ngay khi chạm vào. Cùng với đó, áo thun nữ cotton cổ tròn Yody có khả năng thâm shuts mồ hôi rất tốt nên người mặc không bị cảm giác bí bách, dính dính trên da khi đổ mồ hôi vào mùa hè. Bên cạnh đó, sản phẩm cũng chưa 5% spandex - loại sợi giúp co giãn, đàn hồi hiệu quả thích hợp mặc tới nhiều môi trường, ngay cả khi vận động', 2, '2021-12-14 07:08:03', '2021-12-14 07:08:03'),
(9, 'Áo thun Dinosaur 03', 190000, '61b833e447acd6.89514030.jpg', '61b833e448c252.17817264.jpg', 'Sự hiện diện của những chiếc áo thun basic cổ tròn trong tủ đồ của bạn chính là chìa khóa giúp cho bạn có thêm nhiều outfit thú vị mà lại không cần đến quá nhiều món đồ. Áo thun nữ cotton cổ tròn basic chính là vũ khí tiện dụng cho các chị em trong trang phục hàng ngày!<br><br><br>Thiết kế đơn giản, form dáng tiện lợi của áo thun PPN4502. Tại sao chỉ với 1 chiếc áo thun nữ basic mà bạn có thể phối với 10 bộ độ khác nhau? Câu trả lời nằm ở chính sự đơn giản của chúng. Càng đơn giản, bạn lại càng dễ mix & match với những món đồ khác nhau.Áo thun nữ PPM4502 có thiết kế cổ tròn đơn giản, nhẹ nhàng tôn da. Tay cáo, form áo cũng không hề cầu kỳ, rất dễ mặc với nhiều thân hình khác nhau. Đặc biệt hơn, màu sắc của chiếc áo phông nữ cổ tròn này cũng rất nhã nhặn, trung tính, trơn màu. Sự tối giản từ thiết kế, đường may đến bảng màu giúp các chị em không cần đắn đo quá nhiều khi lựa chọn. Chất liệu cotton 95% được xử lý nghiêm ngặt, quy trình và công nghệ hiện đại nên mang tới cho chiếc áo sự thoải mái, mềm mại, thoáng mát ngay khi chạm vào. Cùng với đó, áo thun nữ cotton cổ tròn Yody có khả năng thâm shuts mồ hôi rất tốt nên người mặc không bị cảm giác bí bách, dính dính trên da khi đổ mồ hôi vào mùa hè. Bên cạnh đó, sản phẩm cũng chưa 5% spandex - loại sợi giúp co giãn, đàn hồi hiệu quả thích hợp mặc tới nhiều môi trường, ngay cả khi vận động <br><br><br> Sự hiện diện của những chiếc áo thun basic cổ tròn trong tủ đồ của bạn chính là chìa khóa giúp cho bạn có thêm nhiều outfit thú vị mà lại không cần đến quá nhiều món đồ. Áo thun nữ cotton cổ tròn basic chính là vũ khí tiện dụng cho các chị em trong trang phục hàng ngày!<br><br><br>Thiết kế đơn giản, form dáng tiện lợi của áo thun PPN4502. Tại sao chỉ với 1 chiếc áo thun nữ basic mà bạn có thể phối với 10 bộ độ khác nhau? Câu trả lời nằm ở chính sự đơn giản của chúng. Càng đơn giản, bạn lại càng dễ mix & match với những món đồ khác nhau.Áo thun nữ PPM4502 có thiết kế cổ tròn đơn giản, nhẹ nhàng tôn da. Tay cáo, form áo cũng không hề cầu kỳ, rất dễ mặc với nhiều thân hình khác nhau. Đặc biệt hơn, màu sắc của chiếc áo phông nữ cổ tròn này cũng rất nhã nhặn, trung tính, trơn màu. Sự tối giản từ thiết kế, đường may đến bảng màu giúp các chị em không cần đắn đo quá nhiều khi lựa chọn. Chất liệu cotton 95% được xử lý nghiêm ngặt, quy trình và công nghệ hiện đại nên mang tới cho chiếc áo sự thoải mái, mềm mại, thoáng mát ngay khi chạm vào. Cùng với đó, áo thun nữ cotton cổ tròn Yody có khả năng thâm shuts mồ hôi rất tốt nên người mặc không bị cảm giác bí bách, dính dính trên da khi đổ mồ hôi vào mùa hè. Bên cạnh đó, sản phẩm cũng chưa 5% spandex - loại sợi giúp co giãn, đàn hồi hiệu quả thích hợp mặc tới nhiều môi trường, ngay cả khi vận động', 2, '2021-12-14 07:20:04', '2021-12-14 07:20:04'),
(10, 'Áo thun Polo 04', 194000, '61b839801d2038.23413905.jpg', '61b839801d3e25.55465880.jpg', 'Sự hiện diện của những chiếc áo thun basic cổ tròn trong tủ đồ của bạn chính là chìa khóa giúp cho bạn có thêm nhiều outfit thú vị mà lại không cần đến quá nhiều món đồ. Áo thun nữ cotton cổ tròn basic chính là vũ khí tiện dụng cho các chị em trong trang phục hàng ngày!<br><br><br>Thiết kế đơn giản, form dáng tiện lợi của áo thun PPN4502. Tại sao chỉ với 1 chiếc áo thun nữ basic mà bạn có thể phối với 10 bộ độ khác nhau? Câu trả lời nằm ở chính sự đơn giản của chúng. Càng đơn giản, bạn lại càng dễ mix & match với những món đồ khác nhau.Áo thun nữ PPM4502 có thiết kế cổ tròn đơn giản, nhẹ nhàng tôn da. Tay cáo, form áo cũng không hề cầu kỳ, rất dễ mặc với nhiều thân hình khác nhau. Đặc biệt hơn, màu sắc của chiếc áo phông nữ cổ tròn này cũng rất nhã nhặn, trung tính, trơn màu. Sự tối giản từ thiết kế, đường may đến bảng màu giúp các chị em không cần đắn đo quá nhiều khi lựa chọn. Chất liệu cotton 95% được xử lý nghiêm ngặt, quy trình và công nghệ hiện đại nên mang tới cho chiếc áo sự thoải mái, mềm mại, thoáng mát ngay khi chạm vào. Cùng với đó, áo thun nữ cotton cổ tròn Yody có khả năng thâm shuts mồ hôi rất tốt nên người mặc không bị cảm giác bí bách, dính dính trên da khi đổ mồ hôi vào mùa hè. Bên cạnh đó, sản phẩm cũng chưa 5% spandex - loại sợi giúp co giãn, đàn hồi hiệu quả thích hợp mặc tới nhiều môi trường, ngay cả khi vận động <br><br><br> Sự hiện diện của những chiếc áo thun basic cổ tròn trong tủ đồ của bạn chính là chìa khóa giúp cho bạn có thêm nhiều outfit thú vị mà lại không cần đến quá nhiều món đồ. Áo thun nữ cotton cổ tròn basic chính là vũ khí tiện dụng cho các chị em trong trang phục hàng ngày!<br><br><br>Thiết kế đơn giản, form dáng tiện lợi của áo thun PPN4502. Tại sao chỉ với 1 chiếc áo thun nữ basic mà bạn có thể phối với 10 bộ độ khác nhau? Câu trả lời nằm ở chính sự đơn giản của chúng. Càng đơn giản, bạn lại càng dễ mix & match với những món đồ khác nhau.Áo thun nữ PPM4502 có thiết kế cổ tròn đơn giản, nhẹ nhàng tôn da. Tay cáo, form áo cũng không hề cầu kỳ, rất dễ mặc với nhiều thân hình khác nhau. Đặc biệt hơn, màu sắc của chiếc áo phông nữ cổ tròn này cũng rất nhã nhặn, trung tính, trơn màu. Sự tối giản từ thiết kế, đường may đến bảng màu giúp các chị em không cần đắn đo quá nhiều khi lựa chọn. Chất liệu cotton 95% được xử lý nghiêm ngặt, quy trình và công nghệ hiện đại nên mang tới cho chiếc áo sự thoải mái, mềm mại, thoáng mát ngay khi chạm vào. Cùng với đó, áo thun nữ cotton cổ tròn Yody có khả năng thâm shuts mồ hôi rất tốt nên người mặc không bị cảm giác bí bách, dính dính trên da khi đổ mồ hôi vào mùa hè. Bên cạnh đó, sản phẩm cũng chưa 5% spandex - loại sợi giúp co giãn, đàn hồi hiệu quả thích hợp mặc tới nhiều môi trường, ngay cả khi vận động', 2, '2021-12-14 07:26:05', '2021-12-14 07:26:05'),
(11, 'Áo thun Polo 05', 194000, '61b8396a027b80.96936239.jpg', '61b8396a02a608.07208051.jpg', 'Sự hiện diện của những chiếc áo thun basic cổ tròn trong tủ đồ của bạn chính là chìa khóa giúp cho bạn có thêm nhiều outfit thú vị mà lại không cần đến quá nhiều món đồ. Áo thun nữ cotton cổ tròn basic chính là vũ khí tiện dụng cho các chị em trong trang phục hàng ngày!<br><br><br>Thiết kế đơn giản, form dáng tiện lợi của áo thun PPN4502. Tại sao chỉ với 1 chiếc áo thun nữ basic mà bạn có thể phối với 10 bộ độ khác nhau? Câu trả lời nằm ở chính sự đơn giản của chúng. Càng đơn giản, bạn lại càng dễ mix & match với những món đồ khác nhau.Áo thun nữ PPM4502 có thiết kế cổ tròn đơn giản, nhẹ nhàng tôn da. Tay cáo, form áo cũng không hề cầu kỳ, rất dễ mặc với nhiều thân hình khác nhau. Đặc biệt hơn, màu sắc của chiếc áo phông nữ cổ tròn này cũng rất nhã nhặn, trung tính, trơn màu. Sự tối giản từ thiết kế, đường may đến bảng màu giúp các chị em không cần đắn đo quá nhiều khi lựa chọn. Chất liệu cotton 95% được xử lý nghiêm ngặt, quy trình và công nghệ hiện đại nên mang tới cho chiếc áo sự thoải mái, mềm mại, thoáng mát ngay khi chạm vào. Cùng với đó, áo thun nữ cotton cổ tròn Yody có khả năng thâm shuts mồ hôi rất tốt nên người mặc không bị cảm giác bí bách, dính dính trên da khi đổ mồ hôi vào mùa hè. Bên cạnh đó, sản phẩm cũng chưa 5% spandex - loại sợi giúp co giãn, đàn hồi hiệu quả thích hợp mặc tới nhiều môi trường, ngay cả khi vận động <br><br><br> Sự hiện diện của những chiếc áo thun basic cổ tròn trong tủ đồ của bạn chính là chìa khóa giúp cho bạn có thêm nhiều outfit thú vị mà lại không cần đến quá nhiều món đồ. Áo thun nữ cotton cổ tròn basic chính là vũ khí tiện dụng cho các chị em trong trang phục hàng ngày!<br><br><br>Thiết kế đơn giản, form dáng tiện lợi của áo thun PPN4502. Tại sao chỉ với 1 chiếc áo thun nữ basic mà bạn có thể phối với 10 bộ độ khác nhau? Câu trả lời nằm ở chính sự đơn giản của chúng. Càng đơn giản, bạn lại càng dễ mix & match với những món đồ khác nhau.Áo thun nữ PPM4502 có thiết kế cổ tròn đơn giản, nhẹ nhàng tôn da. Tay cáo, form áo cũng không hề cầu kỳ, rất dễ mặc với nhiều thân hình khác nhau. Đặc biệt hơn, màu sắc của chiếc áo phông nữ cổ tròn này cũng rất nhã nhặn, trung tính, trơn màu. Sự tối giản từ thiết kế, đường may đến bảng màu giúp các chị em không cần đắn đo quá nhiều khi lựa chọn. Chất liệu cotton 95% được xử lý nghiêm ngặt, quy trình và công nghệ hiện đại nên mang tới cho chiếc áo sự thoải mái, mềm mại, thoáng mát ngay khi chạm vào. Cùng với đó, áo thun nữ cotton cổ tròn Yody có khả năng thâm shuts mồ hôi rất tốt nên người mặc không bị cảm giác bí bách, dính dính trên da khi đổ mồ hôi vào mùa hè. Bên cạnh đó, sản phẩm cũng chưa 5% spandex - loại sợi giúp co giãn, đàn hồi hiệu quả thích hợp mặc tới nhiều môi trường, ngay cả khi vận động', 2, '2021-12-14 07:37:06', '2021-12-14 07:37:06'),
(12, 'Áo thun Polo 06', 194000, '61b839c08b9e77.36519429.jpg', '61b839c08bba69.35295328.jpg', 'Sự hiện diện của những chiếc áo thun basic cổ tròn trong tủ đồ của bạn chính là chìa khóa giúp cho bạn có thêm nhiều outfit thú vị mà lại không cần đến quá nhiều món đồ. Áo thun nữ cotton cổ tròn basic chính là vũ khí tiện dụng cho các chị em trong trang phục hàng ngày!<br><br><br>Thiết kế đơn giản, form dáng tiện lợi của áo thun PPN4502. Tại sao chỉ với 1 chiếc áo thun nữ basic mà bạn có thể phối với 10 bộ độ khác nhau? Câu trả lời nằm ở chính sự đơn giản của chúng. Càng đơn giản, bạn lại càng dễ mix & match với những món đồ khác nhau.Áo thun nữ PPM4502 có thiết kế cổ tròn đơn giản, nhẹ nhàng tôn da. Tay cáo, form áo cũng không hề cầu kỳ, rất dễ mặc với nhiều thân hình khác nhau. Đặc biệt hơn, màu sắc của chiếc áo phông nữ cổ tròn này cũng rất nhã nhặn, trung tính, trơn màu. Sự tối giản từ thiết kế, đường may đến bảng màu giúp các chị em không cần đắn đo quá nhiều khi lựa chọn. Chất liệu cotton 95% được xử lý nghiêm ngặt, quy trình và công nghệ hiện đại nên mang tới cho chiếc áo sự thoải mái, mềm mại, thoáng mát ngay khi chạm vào. Cùng với đó, áo thun nữ cotton cổ tròn Yody có khả năng thâm shuts mồ hôi rất tốt nên người mặc không bị cảm giác bí bách, dính dính trên da khi đổ mồ hôi vào mùa hè. Bên cạnh đó, sản phẩm cũng chưa 5% spandex - loại sợi giúp co giãn, đàn hồi hiệu quả thích hợp mặc tới nhiều môi trường, ngay cả khi vận động <br><br><br> Sự hiện diện của những chiếc áo thun basic cổ tròn trong tủ đồ của bạn chính là chìa khóa giúp cho bạn có thêm nhiều outfit thú vị mà lại không cần đến quá nhiều món đồ. Áo thun nữ cotton cổ tròn basic chính là vũ khí tiện dụng cho các chị em trong trang phục hàng ngày!<br><br><br>Thiết kế đơn giản, form dáng tiện lợi của áo thun PPN4502. Tại sao chỉ với 1 chiếc áo thun nữ basic mà bạn có thể phối với 10 bộ độ khác nhau? Câu trả lời nằm ở chính sự đơn giản của chúng. Càng đơn giản, bạn lại càng dễ mix & match với những món đồ khác nhau.Áo thun nữ PPM4502 có thiết kế cổ tròn đơn giản, nhẹ nhàng tôn da. Tay cáo, form áo cũng không hề cầu kỳ, rất dễ mặc với nhiều thân hình khác nhau. Đặc biệt hơn, màu sắc của chiếc áo phông nữ cổ tròn này cũng rất nhã nhặn, trung tính, trơn màu. Sự tối giản từ thiết kế, đường may đến bảng màu giúp các chị em không cần đắn đo quá nhiều khi lựa chọn. Chất liệu cotton 95% được xử lý nghiêm ngặt, quy trình và công nghệ hiện đại nên mang tới cho chiếc áo sự thoải mái, mềm mại, thoáng mát ngay khi chạm vào. Cùng với đó, áo thun nữ cotton cổ tròn Yody có khả năng thâm shuts mồ hôi rất tốt nên người mặc không bị cảm giác bí bách, dính dính trên da khi đổ mồ hôi vào mùa hè. Bên cạnh đó, sản phẩm cũng chưa 5% spandex - loại sợi giúp co giãn, đàn hồi hiệu quả thích hợp mặc tới nhiều môi trường, ngay cả khi vận động', 2, '2021-12-14 07:20:29', '2021-12-14 07:20:29'),
(14, 'Áo somi caro 07', 194000, '61b8c6f3bf1587.41829691.jpg', '61b8c6f3bf3df1.32149659.jpg', 'Sự hiện diện của những chiếc áo thun basic cổ tròn trong tủ đồ của bạn chính là chìa khóa giúp cho bạn có thêm nhiều outfit thú vị mà lại không cần đến quá nhiều món đồ. Áo thun nữ cotton cổ tròn basic chính là vũ khí tiện dụng cho các chị em trong trang phục hàng ngày!<br><br><br>Thiết kế đơn giản, form dáng tiện lợi của áo thun PPN4502. Tại sao chỉ với 1 chiếc áo thun nữ basic mà bạn có thể phối với 10 bộ độ khác nhau? Câu trả lời nằm ở chính sự đơn giản của chúng. Càng đơn giản, bạn lại càng dễ mix & match với những món đồ khác nhau.Áo thun nữ PPM4502 có thiết kế cổ tròn đơn giản, nhẹ nhàng tôn da. Tay cáo, form áo cũng không hề cầu kỳ, rất dễ mặc với nhiều thân hình khác nhau. Đặc biệt hơn, màu sắc của chiếc áo phông nữ cổ tròn này cũng rất nhã nhặn, trung tính, trơn màu. Sự tối giản từ thiết kế, đường may đến bảng màu giúp các chị em không cần đắn đo quá nhiều khi lựa chọn. Chất liệu cotton 95% được xử lý nghiêm ngặt, quy trình và công nghệ hiện đại nên mang tới cho chiếc áo sự thoải mái, mềm mại, thoáng mát ngay khi chạm vào. Cùng với đó, áo thun nữ cotton cổ tròn Yody có khả năng thâm shuts mồ hôi rất tốt nên người mặc không bị cảm giác bí bách, dính dính trên da khi đổ mồ hôi vào mùa hè. Bên cạnh đó, sản phẩm cũng chưa 5% spandex - loại sợi giúp co giãn, đàn hồi hiệu quả thích hợp mặc tới nhiều môi trường, ngay cả khi vận động <br><br><br> Sự hiện diện của những chiếc áo thun basic cổ tròn trong tủ đồ của bạn chính là chìa khóa giúp cho bạn có thêm nhiều outfit thú vị mà lại không cần đến quá nhiều món đồ. Áo thun nữ cotton cổ tròn basic chính là vũ khí tiện dụng cho các chị em trong trang phục hàng ngày!<br><br><br>Thiết kế đơn giản, form dáng tiện lợi của áo thun PPN4502. Tại sao chỉ với 1 chiếc áo thun nữ basic mà bạn có thể phối với 10 bộ độ khác nhau? Câu trả lời nằm ở chính sự đơn giản của chúng. Càng đơn giản, bạn lại càng dễ mix & match với những món đồ khác nhau.Áo thun nữ PPM4502 có thiết kế cổ tròn đơn giản, nhẹ nhàng tôn da. Tay cáo, form áo cũng không hề cầu kỳ, rất dễ mặc với nhiều thân hình khác nhau. Đặc biệt hơn, màu sắc của chiếc áo phông nữ cổ tròn này cũng rất nhã nhặn, trung tính, trơn màu. Sự tối giản từ thiết kế, đường may đến bảng màu giúp các chị em không cần đắn đo quá nhiều khi lựa chọn. Chất liệu cotton 95% được xử lý nghiêm ngặt, quy trình và công nghệ hiện đại nên mang tới cho chiếc áo sự thoải mái, mềm mại, thoáng mát ngay khi chạm vào. Cùng với đó, áo thun nữ cotton cổ tròn Yody có khả năng thâm shuts mồ hôi rất tốt nên người mặc không bị cảm giác bí bách, dính dính trên da khi đổ mồ hôi vào mùa hè. Bên cạnh đó, sản phẩm cũng chưa 5% spandex - loại sợi giúp co giãn, đàn hồi hiệu quả thích hợp mặc tới nhiều môi trường, ngay cả khi vận động', 3, '2021-12-14 17:47:31', '2021-12-14 17:47:31'),
(15, 'Áo somi dài tay 08', 194000, '61b8c71e89eba7.74126413.jpg', '61b8c71e8a9af6.87417921.jpg', 'Sự hiện diện của những chiếc áo thun basic cổ tròn trong tủ đồ của bạn chính là chìa khóa giúp cho bạn có thêm nhiều outfit thú vị mà lại không cần đến quá nhiều món đồ. Áo thun nữ cotton cổ tròn basic chính là vũ khí tiện dụng cho các chị em trong trang phục hàng ngày!<br><br><br>Thiết kế đơn giản, form dáng tiện lợi của áo thun PPN4502. Tại sao chỉ với 1 chiếc áo thun nữ basic mà bạn có thể phối với 10 bộ độ khác nhau? Câu trả lời nằm ở chính sự đơn giản của chúng. Càng đơn giản, bạn lại càng dễ mix & match với những món đồ khác nhau.Áo thun nữ PPM4502 có thiết kế cổ tròn đơn giản, nhẹ nhàng tôn da. Tay cáo, form áo cũng không hề cầu kỳ, rất dễ mặc với nhiều thân hình khác nhau. Đặc biệt hơn, màu sắc của chiếc áo phông nữ cổ tròn này cũng rất nhã nhặn, trung tính, trơn màu. Sự tối giản từ thiết kế, đường may đến bảng màu giúp các chị em không cần đắn đo quá nhiều khi lựa chọn. Chất liệu cotton 95% được xử lý nghiêm ngặt, quy trình và công nghệ hiện đại nên mang tới cho chiếc áo sự thoải mái, mềm mại, thoáng mát ngay khi chạm vào. Cùng với đó, áo thun nữ cotton cổ tròn Yody có khả năng thâm shuts mồ hôi rất tốt nên người mặc không bị cảm giác bí bách, dính dính trên da khi đổ mồ hôi vào mùa hè. Bên cạnh đó, sản phẩm cũng chưa 5% spandex - loại sợi giúp co giãn, đàn hồi hiệu quả thích hợp mặc tới nhiều môi trường, ngay cả khi vận động <br><br><br> Sự hiện diện của những chiếc áo thun basic cổ tròn trong tủ đồ của bạn chính là chìa khóa giúp cho bạn có thêm nhiều outfit thú vị mà lại không cần đến quá nhiều món đồ. Áo thun nữ cotton cổ tròn basic chính là vũ khí tiện dụng cho các chị em trong trang phục hàng ngày!<br><br><br>Thiết kế đơn giản, form dáng tiện lợi của áo thun PPN4502. Tại sao chỉ với 1 chiếc áo thun nữ basic mà bạn có thể phối với 10 bộ độ khác nhau? Câu trả lời nằm ở chính sự đơn giản của chúng. Càng đơn giản, bạn lại càng dễ mix & match với những món đồ khác nhau.Áo thun nữ PPM4502 có thiết kế cổ tròn đơn giản, nhẹ nhàng tôn da. Tay cáo, form áo cũng không hề cầu kỳ, rất dễ mặc với nhiều thân hình khác nhau. Đặc biệt hơn, màu sắc của chiếc áo phông nữ cổ tròn này cũng rất nhã nhặn, trung tính, trơn màu. Sự tối giản từ thiết kế, đường may đến bảng màu giúp các chị em không cần đắn đo quá nhiều khi lựa chọn. Chất liệu cotton 95% được xử lý nghiêm ngặt, quy trình và công nghệ hiện đại nên mang tới cho chiếc áo sự thoải mái, mềm mại, thoáng mát ngay khi chạm vào. Cùng với đó, áo thun nữ cotton cổ tròn Yody có khả năng thâm shuts mồ hôi rất tốt nên người mặc không bị cảm giác bí bách, dính dính trên da khi đổ mồ hôi vào mùa hè. Bên cạnh đó, sản phẩm cũng chưa 5% spandex - loại sợi giúp co giãn, đàn hồi hiệu quả thích hợp mặc tới nhiều môi trường, ngay cả khi vận động', 3, '2021-12-14 17:30:32', '2021-12-14 17:30:32'),
(16, 'Áo somi tay dài 09', 200000, '61b8c7fb004cc0.48481377.jpg', '61b8c7fb006817.58851018.jpg', 'Sự hiện diện của những chiếc áo thun basic cổ tròn trong tủ đồ của bạn chính là chìa khóa giúp cho bạn có thêm nhiều outfit thú vị mà lại không cần đến quá nhiều món đồ. Áo thun nữ cotton cổ tròn basic chính là vũ khí tiện dụng cho các chị em trong trang phục hàng ngày!<br><br><br>Thiết kế đơn giản, form dáng tiện lợi của áo thun PPN4502. Tại sao chỉ với 1 chiếc áo thun nữ basic mà bạn có thể phối với 10 bộ độ khác nhau? Câu trả lời nằm ở chính sự đơn giản của chúng. Càng đơn giản, bạn lại càng dễ mix & match với những món đồ khác nhau.Áo thun nữ PPM4502 có thiết kế cổ tròn đơn giản, nhẹ nhàng tôn da. Tay cáo, form áo cũng không hề cầu kỳ, rất dễ mặc với nhiều thân hình khác nhau. Đặc biệt hơn, màu sắc của chiếc áo phông nữ cổ tròn này cũng rất nhã nhặn, trung tính, trơn màu. Sự tối giản từ thiết kế, đường may đến bảng màu giúp các chị em không cần đắn đo quá nhiều khi lựa chọn. Chất liệu cotton 95% được xử lý nghiêm ngặt, quy trình và công nghệ hiện đại nên mang tới cho chiếc áo sự thoải mái, mềm mại, thoáng mát ngay khi chạm vào. Cùng với đó, áo thun nữ cotton cổ tròn Yody có khả năng thâm shuts mồ hôi rất tốt nên người mặc không bị cảm giác bí bách, dính dính trên da khi đổ mồ hôi vào mùa hè. Bên cạnh đó, sản phẩm cũng chưa 5% spandex - loại sợi giúp co giãn, đàn hồi hiệu quả thích hợp mặc tới nhiều môi trường, ngay cả khi vận động <br><br><br> Sự hiện diện của những chiếc áo thun basic cổ tròn trong tủ đồ của bạn chính là chìa khóa giúp cho bạn có thêm nhiều outfit thú vị mà lại không cần đến quá nhiều món đồ. Áo thun nữ cotton cổ tròn basic chính là vũ khí tiện dụng cho các chị em trong trang phục hàng ngày!<br><br><br>Thiết kế đơn giản, form dáng tiện lợi của áo thun PPN4502. Tại sao chỉ với 1 chiếc áo thun nữ basic mà bạn có thể phối với 10 bộ độ khác nhau? Câu trả lời nằm ở chính sự đơn giản của chúng. Càng đơn giản, bạn lại càng dễ mix & match với những món đồ khác nhau.Áo thun nữ PPM4502 có thiết kế cổ tròn đơn giản, nhẹ nhàng tôn da. Tay cáo, form áo cũng không hề cầu kỳ, rất dễ mặc với nhiều thân hình khác nhau. Đặc biệt hơn, màu sắc của chiếc áo phông nữ cổ tròn này cũng rất nhã nhặn, trung tính, trơn màu. Sự tối giản từ thiết kế, đường may đến bảng màu giúp các chị em không cần đắn đo quá nhiều khi lựa chọn. Chất liệu cotton 95% được xử lý nghiêm ngặt, quy trình và công nghệ hiện đại nên mang tới cho chiếc áo sự thoải mái, mềm mại, thoáng mát ngay khi chạm vào. Cùng với đó, áo thun nữ cotton cổ tròn Yody có khả năng thâm shuts mồ hôi rất tốt nên người mặc không bị cảm giác bí bách, dính dính trên da khi đổ mồ hôi vào mùa hè. Bên cạnh đó, sản phẩm cũng chưa 5% spandex - loại sợi giúp co giãn, đàn hồi hiệu quả thích hợp mặc tới nhiều môi trường, ngay cả khi vận động', 3, '2021-12-14 17:11:36', '2021-12-14 17:11:36'),
(17, 'Quần jean phong cách 10', 210000, '61b92d126fedb4.07981186.jpg', '61b92d12710e06.35343835.jpg', 'Sự hiện diện của những chiếc áo thun basic cổ tròn trong tủ đồ của bạn chính là chìa khóa giúp cho bạn có thêm nhiều outfit thú vị mà lại không cần đến quá nhiều món đồ. Áo thun nữ cotton cổ tròn basic chính là vũ khí tiện dụng cho các chị em trong trang phục hàng ngày!<br><br><br>Thiết kế đơn giản, form dáng tiện lợi của áo thun PPN4502. Tại sao chỉ với 1 chiếc áo thun nữ basic mà bạn có thể phối với 10 bộ độ khác nhau? Câu trả lời nằm ở chính sự đơn giản của chúng. Càng đơn giản, bạn lại càng dễ mix & match với những món đồ khác nhau.Áo thun nữ PPM4502 có thiết kế cổ tròn đơn giản, nhẹ nhàng tôn da. Tay cáo, form áo cũng không hề cầu kỳ, rất dễ mặc với nhiều thân hình khác nhau. Đặc biệt hơn, màu sắc của chiếc áo phông nữ cổ tròn này cũng rất nhã nhặn, trung tính, trơn màu. Sự tối giản từ thiết kế, đường may đến bảng màu giúp các chị em không cần đắn đo quá nhiều khi lựa chọn. Chất liệu cotton 95% được xử lý nghiêm ngặt, quy trình và công nghệ hiện đại nên mang tới cho chiếc áo sự thoải mái, mềm mại, thoáng mát ngay khi chạm vào. Cùng với đó, áo thun nữ cotton cổ tròn Yody có khả năng thâm shuts mồ hôi rất tốt nên người mặc không bị cảm giác bí bách, dính dính trên da khi đổ mồ hôi vào mùa hè. Bên cạnh đó, sản phẩm cũng chưa 5% spandex - loại sợi giúp co giãn, đàn hồi hiệu quả thích hợp mặc tới nhiều môi trường, ngay cả khi vận động <br><br><br> Sự hiện diện của những chiếc áo thun basic cổ tròn trong tủ đồ của bạn chính là chìa khóa giúp cho bạn có thêm nhiều outfit thú vị mà lại không cần đến quá nhiều món đồ. Áo thun nữ cotton cổ tròn basic chính là vũ khí tiện dụng cho các chị em trong trang phục hàng ngày!<br><br><br>Thiết kế đơn giản, form dáng tiện lợi của áo thun PPN4502. Tại sao chỉ với 1 chiếc áo thun nữ basic mà bạn có thể phối với 10 bộ độ khác nhau? Câu trả lời nằm ở chính sự đơn giản của chúng. Càng đơn giản, bạn lại càng dễ mix & match với những món đồ khác nhau.Áo thun nữ PPM4502 có thiết kế cổ tròn đơn giản, nhẹ nhàng tôn da. Tay cáo, form áo cũng không hề cầu kỳ, rất dễ mặc với nhiều thân hình khác nhau. Đặc biệt hơn, màu sắc của chiếc áo phông nữ cổ tròn này cũng rất nhã nhặn, trung tính, trơn màu. Sự tối giản từ thiết kế, đường may đến bảng màu giúp các chị em không cần đắn đo quá nhiều khi lựa chọn. Chất liệu cotton 95% được xử lý nghiêm ngặt, quy trình và công nghệ hiện đại nên mang tới cho chiếc áo sự thoải mái, mềm mại, thoáng mát ngay khi chạm vào. Cùng với đó, áo thun nữ cotton cổ tròn Yody có khả năng thâm shuts mồ hôi rất tốt nên người mặc không bị cảm giác bí bách, dính dính trên da khi đổ mồ hôi vào mùa hè. Bên cạnh đó, sản phẩm cũng chưa 5% spandex - loại sợi giúp co giãn, đàn hồi hiệu quả thích hợp mặc tới nhiều môi trường, ngay cả khi vận động', 4, '2021-12-15 00:30:47', '2021-12-15 00:30:47'),
(18, 'Quần jean 11', 180000, '61b92d3d09fae3.33648808.jpg', '61b92d3d0a2d87.44116684.jpg', 'Sự hiện diện của những chiếc áo thun basic cổ tròn trong tủ đồ của bạn chính là chìa khóa giúp cho bạn có thêm nhiều outfit thú vị mà lại không cần đến quá nhiều món đồ. Áo thun nữ cotton cổ tròn basic chính là vũ khí tiện dụng cho các chị em trong trang phục hàng ngày!<br><br><br>Thiết kế đơn giản, form dáng tiện lợi của áo thun PPN4502. Tại sao chỉ với 1 chiếc áo thun nữ basic mà bạn có thể phối với 10 bộ độ khác nhau? Câu trả lời nằm ở chính sự đơn giản của chúng. Càng đơn giản, bạn lại càng dễ mix & match với những món đồ khác nhau.Áo thun nữ PPM4502 có thiết kế cổ tròn đơn giản, nhẹ nhàng tôn da. Tay cáo, form áo cũng không hề cầu kỳ, rất dễ mặc với nhiều thân hình khác nhau. Đặc biệt hơn, màu sắc của chiếc áo phông nữ cổ tròn này cũng rất nhã nhặn, trung tính, trơn màu. Sự tối giản từ thiết kế, đường may đến bảng màu giúp các chị em không cần đắn đo quá nhiều khi lựa chọn. Chất liệu cotton 95% được xử lý nghiêm ngặt, quy trình và công nghệ hiện đại nên mang tới cho chiếc áo sự thoải mái, mềm mại, thoáng mát ngay khi chạm vào. Cùng với đó, áo thun nữ cotton cổ tròn Yody có khả năng thâm shuts mồ hôi rất tốt nên người mặc không bị cảm giác bí bách, dính dính trên da khi đổ mồ hôi vào mùa hè. Bên cạnh đó, sản phẩm cũng chưa 5% spandex - loại sợi giúp co giãn, đàn hồi hiệu quả thích hợp mặc tới nhiều môi trường, ngay cả khi vận động <br><br><br> Sự hiện diện của những chiếc áo thun basic cổ tròn trong tủ đồ của bạn chính là chìa khóa giúp cho bạn có thêm nhiều outfit thú vị mà lại không cần đến quá nhiều món đồ. Áo thun nữ cotton cổ tròn basic chính là vũ khí tiện dụng cho các chị em trong trang phục hàng ngày!<br><br><br>Thiết kế đơn giản, form dáng tiện lợi của áo thun PPN4502. Tại sao chỉ với 1 chiếc áo thun nữ basic mà bạn có thể phối với 10 bộ độ khác nhau? Câu trả lời nằm ở chính sự đơn giản của chúng. Càng đơn giản, bạn lại càng dễ mix & match với những món đồ khác nhau.Áo thun nữ PPM4502 có thiết kế cổ tròn đơn giản, nhẹ nhàng tôn da. Tay cáo, form áo cũng không hề cầu kỳ, rất dễ mặc với nhiều thân hình khác nhau. Đặc biệt hơn, màu sắc của chiếc áo phông nữ cổ tròn này cũng rất nhã nhặn, trung tính, trơn màu. Sự tối giản từ thiết kế, đường may đến bảng màu giúp các chị em không cần đắn đo quá nhiều khi lựa chọn. Chất liệu cotton 95% được xử lý nghiêm ngặt, quy trình và công nghệ hiện đại nên mang tới cho chiếc áo sự thoải mái, mềm mại, thoáng mát ngay khi chạm vào. Cùng với đó, áo thun nữ cotton cổ tròn Yody có khả năng thâm shuts mồ hôi rất tốt nên người mặc không bị cảm giác bí bách, dính dính trên da khi đổ mồ hôi vào mùa hè. Bên cạnh đó, sản phẩm cũng chưa 5% spandex - loại sợi giúp co giãn, đàn hồi hiệu quả thích hợp mặc tới nhiều môi trường, ngay cả khi vận động', 4, '2021-12-15 00:13:48', '2021-12-15 00:13:48'),
(19, 'Quần jean 12', 175000, '61b92d626832c8.90790541.jpg', '61b92d62686278.61600361.jpg', 'Sự hiện diện của những chiếc áo thun basic cổ tròn trong tủ đồ của bạn chính là chìa khóa giúp cho bạn có thêm nhiều outfit thú vị mà lại không cần đến quá nhiều món đồ. Áo thun nữ cotton cổ tròn basic chính là vũ khí tiện dụng cho các chị em trong trang phục hàng ngày!<br><br><br>Thiết kế đơn giản, form dáng tiện lợi của áo thun PPN4502. Tại sao chỉ với 1 chiếc áo thun nữ basic mà bạn có thể phối với 10 bộ độ khác nhau? Câu trả lời nằm ở chính sự đơn giản của chúng. Càng đơn giản, bạn lại càng dễ mix & match với những món đồ khác nhau.Áo thun nữ PPM4502 có thiết kế cổ tròn đơn giản, nhẹ nhàng tôn da. Tay cáo, form áo cũng không hề cầu kỳ, rất dễ mặc với nhiều thân hình khác nhau. Đặc biệt hơn, màu sắc của chiếc áo phông nữ cổ tròn này cũng rất nhã nhặn, trung tính, trơn màu. Sự tối giản từ thiết kế, đường may đến bảng màu giúp các chị em không cần đắn đo quá nhiều khi lựa chọn. Chất liệu cotton 95% được xử lý nghiêm ngặt, quy trình và công nghệ hiện đại nên mang tới cho chiếc áo sự thoải mái, mềm mại, thoáng mát ngay khi chạm vào. Cùng với đó, áo thun nữ cotton cổ tròn Yody có khả năng thâm shuts mồ hôi rất tốt nên người mặc không bị cảm giác bí bách, dính dính trên da khi đổ mồ hôi vào mùa hè. Bên cạnh đó, sản phẩm cũng chưa 5% spandex - loại sợi giúp co giãn, đàn hồi hiệu quả thích hợp mặc tới nhiều môi trường, ngay cả khi vận động <br><br><br> Sự hiện diện của những chiếc áo thun basic cổ tròn trong tủ đồ của bạn chính là chìa khóa giúp cho bạn có thêm nhiều outfit thú vị mà lại không cần đến quá nhiều món đồ. Áo thun nữ cotton cổ tròn basic chính là vũ khí tiện dụng cho các chị em trong trang phục hàng ngày!<br><br><br>Thiết kế đơn giản, form dáng tiện lợi của áo thun PPN4502. Tại sao chỉ với 1 chiếc áo thun nữ basic mà bạn có thể phối với 10 bộ độ khác nhau? Câu trả lời nằm ở chính sự đơn giản của chúng. Càng đơn giản, bạn lại càng dễ mix & match với những món đồ khác nhau.Áo thun nữ PPM4502 có thiết kế cổ tròn đơn giản, nhẹ nhàng tôn da. Tay cáo, form áo cũng không hề cầu kỳ, rất dễ mặc với nhiều thân hình khác nhau. Đặc biệt hơn, màu sắc của chiếc áo phông nữ cổ tròn này cũng rất nhã nhặn, trung tính, trơn màu. Sự tối giản từ thiết kế, đường may đến bảng màu giúp các chị em không cần đắn đo quá nhiều khi lựa chọn. Chất liệu cotton 95% được xử lý nghiêm ngặt, quy trình và công nghệ hiện đại nên mang tới cho chiếc áo sự thoải mái, mềm mại, thoáng mát ngay khi chạm vào. Cùng với đó, áo thun nữ cotton cổ tròn Yody có khả năng thâm shuts mồ hôi rất tốt nên người mặc không bị cảm giác bí bách, dính dính trên da khi đổ mồ hôi vào mùa hè. Bên cạnh đó, sản phẩm cũng chưa 5% spandex - loại sợi giúp co giãn, đàn hồi hiệu quả thích hợp mặc tới nhiều môi trường, ngay cả khi vận động', 4, '2021-12-15 00:50:48', '2021-12-15 00:50:48'),
(20, 'Áo thun Dinosaur 13', 189000, '61b92d96b7a1c5.44714480.jpg', '61b92d96b807a6.85049654.jpg', 'Sự hiện diện của những chiếc áo thun basic cổ tròn trong tủ đồ của bạn chính là chìa khóa giúp cho bạn có thêm nhiều outfit thú vị mà lại không cần đến quá nhiều món đồ. Áo thun nữ cotton cổ tròn basic chính là vũ khí tiện dụng cho các chị em trong trang phục hàng ngày!<br><br><br>Thiết kế đơn giản, form dáng tiện lợi của áo thun PPN4502. Tại sao chỉ với 1 chiếc áo thun nữ basic mà bạn có thể phối với 10 bộ độ khác nhau? Câu trả lời nằm ở chính sự đơn giản của chúng. Càng đơn giản, bạn lại càng dễ mix & match với những món đồ khác nhau.Áo thun nữ PPM4502 có thiết kế cổ tròn đơn giản, nhẹ nhàng tôn da. Tay cáo, form áo cũng không hề cầu kỳ, rất dễ mặc với nhiều thân hình khác nhau. Đặc biệt hơn, màu sắc của chiếc áo phông nữ cổ tròn này cũng rất nhã nhặn, trung tính, trơn màu. Sự tối giản từ thiết kế, đường may đến bảng màu giúp các chị em không cần đắn đo quá nhiều khi lựa chọn. Chất liệu cotton 95% được xử lý nghiêm ngặt, quy trình và công nghệ hiện đại nên mang tới cho chiếc áo sự thoải mái, mềm mại, thoáng', 2, '2021-12-15 00:42:49', '2021-12-15 00:42:49');

-- --------------------------------------------------------

--
-- Table structure for table `slider`
--

CREATE TABLE `slider` (
  `Id` int(11) NOT NULL,
  `Slider` varchar(550) COLLATE utf8_unicode_ci NOT NULL,
  `Description` varchar(550) COLLATE utf8_unicode_ci NOT NULL,
  `Title` varchar(250) COLLATE utf8_unicode_ci NOT NULL,
  `Color` varchar(50) COLLATE utf8_unicode_ci NOT NULL
) ENGINE=InnoDB DEFAULT CHARSET=utf8 COLLATE=utf8_unicode_ci;

--
-- Dumping data for table `slider`
--

INSERT INTO `slider` (`Id`, `Slider`, `Description`, `Title`, `Color`) VALUES
(1, '61b875682e0712.49179405.png', 'Nhắc đến sự đẳng cấp là không thể không nhắc đến dòng vải pima. Nó tạo nên chất lượng tốt nhất cho bất kỳ sản phẩm thời trang nào. Sợi vải pima dài và dày hơn sợi cotton thông thường gấp đôi nhờ công nghệ dệt tân tiến. Điều đó làm cho kết cấu áo polo chắc chắn, bền chặt, hạn chế tối đa xù lông, mềm mượt, bền màu, vô cùng đảm bảo sức khoẻ người dùng', 'Polo nữ Pima cao cấp', 'blue'),
(2, '61b8758806e0c9.55070594.png', 'Nhắc đến sự đẳng cấp là không thể không nhắc đến dòng vải pima. Nó tạo nên chất lượng tốt nhất cho bất kỳ sản phẩm thời trang nào. Sợi vải pima dài và dày hơn sợi cotton thông thường gấp đôi nhờ công nghệ dệt tân tiến. Điều đó làm cho kết cấu áo polo chắc chắn, bền chặt, hạn chế tối đa xù lông, mềm mượt, bền màu, vô cùng đảm bảo sức khoẻ người dùng', 'Polo nữ Pima cao cấp', 'pink'),
(3, '61b8759aa605b5.10190030.png', 'Nhắc đến sự đẳng cấp là không thể không nhắc đến dòng vải pima. Nó tạo nên chất lượng tốt nhất cho bất kỳ sản phẩm thời trang nào. Sợi vải pima dài và dày hơn sợi cotton thông thường gấp đôi nhờ công nghệ dệt tân tiến. Điều đó làm cho kết cấu áo polo chắc chắn, bền chặt, hạn chế tối đa xù lông, mềm mượt, bền màu, vô cùng đảm bảo sức khoẻ người dùng', 'Polo nữ Pima cao cấp', 'orange');

-- --------------------------------------------------------

--
-- Table structure for table `user`
--

CREATE TABLE `user` (
  `id` int(11) NOT NULL,
  `name` varchar(250) COLLATE utf8_unicode_ci NOT NULL,
  `email` varchar(250) COLLATE utf8_unicode_ci NOT NULL,
  `password` varchar(250) COLLATE utf8_unicode_ci NOT NULL,
  `code` mediumint(50) NOT NULL,
  `status` text COLLATE utf8_unicode_ci NOT NULL
) ENGINE=InnoDB DEFAULT CHARSET=utf8 COLLATE=utf8_unicode_ci;

--
-- Dumping data for table `user`
--

INSERT INTO `user` (`id`, `name`, `email`, `password`, `code`, `status`) VALUES
(1, 'Dinh Quang', 'quang@gmail.com', '$2y$10$jXj.Chz7GGRWezQvqvvAJeVKCCYbkbXf2gHcRYOMVzphNd8XNu012', 780832, 'notverified'),
(4, 'Admin', 'admin@gmail.com', '$2y$10$xh98NJXOELee/6vWVasEN.Nf9JqrQ.O/OP/PVsJVBvA8yY87j26oW', 291461, 'notverified');

--
-- Indexes for dumped tables
--

--
-- Indexes for table `accessory`
--
ALTER TABLE `accessory`
  ADD PRIMARY KEY (`id`);

--
-- Indexes for table `category`
--
ALTER TABLE `category`
  ADD PRIMARY KEY (`IdCategory`);

--
-- Indexes for table `oder`
--
ALTER TABLE `oder`
  ADD PRIMARY KEY (`IdOrder`);

--
-- Indexes for table `products`
--
ALTER TABLE `products`
  ADD PRIMARY KEY (`IdProduct`),
  ADD KEY `IdCategory` (`IdCategory`);

--
-- Indexes for table `slider`
--
ALTER TABLE `slider`
  ADD PRIMARY KEY (`Id`);

--
-- Indexes for table `user`
--
ALTER TABLE `user`
  ADD PRIMARY KEY (`id`);

--
-- AUTO_INCREMENT for dumped tables
--

--
-- AUTO_INCREMENT for table `accessory`
--
ALTER TABLE `accessory`
  MODIFY `id` int(11) NOT NULL AUTO_INCREMENT, AUTO_INCREMENT=11;

--
-- AUTO_INCREMENT for table `category`
--
ALTER TABLE `category`
  MODIFY `IdCategory` int(11) NOT NULL AUTO_INCREMENT, AUTO_INCREMENT=5;

--
-- AUTO_INCREMENT for table `oder`
--
ALTER TABLE `oder`
  MODIFY `IdOrder` int(11) NOT NULL AUTO_INCREMENT, AUTO_INCREMENT=7;

--
-- AUTO_INCREMENT for table `products`
--
ALTER TABLE `products`
  MODIFY `IdProduct` int(11) NOT NULL AUTO_INCREMENT, AUTO_INCREMENT=21;

--
-- AUTO_INCREMENT for table `slider`
--
ALTER TABLE `slider`
  MODIFY `Id` int(11) NOT NULL AUTO_INCREMENT, AUTO_INCREMENT=5;

--
-- AUTO_INCREMENT for table `user`
--
ALTER TABLE `user`
  MODIFY `id` int(11) NOT NULL AUTO_INCREMENT, AUTO_INCREMENT=5;

--
-- Constraints for dumped tables
--

--
-- Constraints for table `products`
--
ALTER TABLE `products`
  ADD CONSTRAINT `products_ibfk_1` FOREIGN KEY (`IdCategory`) REFERENCES `category` (`IdCategory`);
COMMIT;

/*!40101 SET CHARACTER_SET_CLIENT=@OLD_CHARACTER_SET_CLIENT */;
/*!40101 SET CHARACTER_SET_RESULTS=@OLD_CHARACTER_SET_RESULTS */;
/*!40101 SET COLLATION_CONNECTION=@OLD_COLLATION_CONNECTION */;
